{
  "user": [
    // {
    //   "name": "Deepali",
    //   "gender": "Male",
    //   "maritalStatus": "Married",
    //   "child": "None",
    //   "kids": "0",
    //   "profession": "Self-Employed",
    //   "id": 2
    // },
    
    {

    
    "userId":"rrtgg4454545"
    {
      "goalId":"1",
      "goal":"Retirement"
    },
    {
      "goalId":"2",
      "goal":"Retirement"
    },

  }
    
    // {
    //   "name": "tejas",
    //   "gender": "Male",
    //   "maritalStatus": "Married",
    //   "child": "Yes",
    //   "kids": "5",
    //   "profession": "Salaried",
    //   "id": 3
    // },
    {
      "name": "rr",
      "gender": "Male",
      "maritalStatus": "Married",
      "child": "None",
      "kids": "0",
      "profession": "Self-Employed",
      "id": 4
    },
    {
      "name": "tejas",
      "gender": "Male",
      "maritalStatus": "Married",
      "child": "None",
      "kids": "0",
      "profession": "Self-Employed",
      "id": 5
    },
    {
      "name": "tejas",
      "gender": "Male",
      "maritalStatus": "Married",
      "child": "None",
      "kids": "0",
      "profession": "Self-Employed",
      "id": 6
    },
    {
      "name": "ertge",
      "gender": "Male",
      "maritalStatus": "Married",
      "child": "None",
      "kids": "0",
      "profession": "Self-Employed",
      "id": 7
    },
    {
      "name": "tej",
      "gender": "Male",
      "maritalStatus": "Married",
      "child": "None",
      "kids": "0",
      "profession": "Self-Employed",
      "id": 8
    },
    {
      "name": "rert",
      "gender": "Male",
      "maritalStatus": "Married",
      "child": "None",
      "kids": "0",
      "profession": "Self-Employed",
      "id": 9
    },
    {
      "name": "fe",
      "gender": "Male",
      "maritalStatus": "Married",
      "child": "None",
      "kids": "0",
      "profession": "Self-Employed"    this.abs.postGoalData("usergoals").subscribe((res)=>{
        console.log(res);
      "id": 10
    },
    {
      "name": "tejas",
      "gender": "Male",
      "maritalStatus": "Married",
      "child": "None",
      "kids": "0",
      "profession": "Self-Employed",
      "id": 11
    },
    {
      "name": "tejas",
      "gender": "Male",
      "maritalStatus": "Married",
      "child": "None",
      "kids": "0",
      "profession": "Self-Employed",
      "id": 12
    },
    {
      "name": "tejas",
      "gender": "Male",
      "maritalStatus": true,
      "child": "None",
      "kids": 0,
      "profession": "Self-Employed",
      "id": 13
    },
    {
      "name": "tejas",
      "gender": "Male",
      "maritalStatus": true,
      "child": true,
      "kids": 4,
      "profession": "Self-Employed",
      "id": 14
    },
    {
      "name": "tejas",
      "gender": "Male",
      "maritalStatus": true,
      "child": "None",
      "kids": 0,
      "profession": "Self-Employed",
      "id": 15
    },
    {
      "name": "tejas",
      "gender": "Male",
      "maritalStatus": true,
      "child": true,
      "kids": 4,
      "profession": "Self-Employed",
      "id": 16
    },
    {
      "name": "tejas",
      "gender": "Male",
      "maritalStatus": true,
      "child": true,
      "kids": 4,
      "profession": "Self-Employed",
      "id": 17
    },
    {
      "name": "tejas",
      "gender": "Male",
      "maritalStatus": true,
      "child": true,
      "kids": 4,
      "profession": "Self-Employed",
      "id": 18
    },
    {
      "name": "tejas",
      "gender": "Male",
      "maritalStatus": true,
      "child": true,
      "kids": 2,
      "profession": "Self-Employed",
      "id": 19
    },
    {
      "name": "deepali",
      "gender": "Male",
      "maritalStatus": true,
      "child": true,
      "kids": 2,
      "profession": "Self-Employed",
      "id": 20
    },
    {
      "name": "tejas",
      "gender": "Male",
      "maritalStatus": true,
      "child": true,
      "kids": 3,
      "profession": "Self-Employed",
      "id": 21
    },
    {
      "name": "tejas",
      "gender": "Male",
      "maritalStatus": true,
      "child": true,
      "kids": 4,
      "profession": "Self-Employed",
      "id": 22
    },
    {
      "name": "tejas",
      "gender": "Male",
      "maritalStatus": true,
      "child": true,
      "kids": 4,
      "profession": "Self-Employed",
      "id": 23
    },
    {
      "name": "tejs",
      "gender": "Male",
      "maritalStatus": true,
      "child": true,
      "kids": "64",
      "profession": "Self-Employed",
      "id": 24
    },
    {
      "name": "tejas",
      "gender": "Male",
      "maritalStatus": "Married",
      "child": true,
      "kids": 4,
      "profession": "Salaried",
      "id": 25
    }
  ]
}



